gene_name,log2_mod_coefs,log_fdr_adj_p
Steap1,2.1872743196600104,2.1562701912893174
RGD1304622,1.0740718809537972,2.3928704352360213
Pcgf3,-1.753985629859166,1.0795284830067036
Hltf,1.5034612893302643,2.0694423811005365
Champ1,1.3581289635111369,1.240544381963703
Dnajb5,-1.5608099106648932,2.5059538279662883
Atg12,1.9586810584469574,1.2826472281439103
Apex2,2.9805333612975797,1.6076320547940381
Rtraf,2.4066869343116335,2.4264178273442014
Nelfe,2.1339044527715822,1.1313591018536437
Fkbpl,1.3779325045512385,1.8485380226975228
Ppt2,-1.3664893991080684,1.4056102167172182
Egfl8,-1.1970259749992336,1.963670550519115
Pfdn6,-1.9715361958026805,1.0486385600635921
Zbtb22,1.5684684053045896,1.2427743383480767
Zfp523,1.7435769407168813,1.0823013371240522
Fance,-1.6225337179124695,2.461259657609946
Tead3,-2.3130418172938607,1.1053666246868143
Slc26a8,1.9384329000961278,1.2010241813618092
Kctd20,1.544853749700496,1.7446041618185995
Pi16,2.3373201764740577,1.8617873401317302
Mtch1,-1.7189411505344432,1.5453640266001099
Mdga1,-1.7629832594952428,1.7305886501867322
Lrrc20,2.3259553710175376,1.2408172927447525
Gtf3c6,2.9395432979202814,3.0347402598585496
Cisd1,-3.373054836472782,1.1231656624786215
Arid5b,1.3655810705294174,1.1424947671173409
Sgsm1,1.8374207489059942,1.1745821028580008
Tmlhe,2.0690738574542706,1.401843240358046
RT1-M3-1,1.8241120742780408,1.2762401309999403
Ubd,-1.5735597426368277,3.673812627638278
Znrd1,1.4095620660854347,1.0162001773325082
Calhm5,1.6588351333308406,1.6935509402356814
Apom,1.2466850166281038,2.270873016828436
Slc9a6,-1.3208498890080997,1.0486121310792011
Caln1,1.5860434945876203,1.6666924216125854
Slc7a1,-1.380828950815597,1.133197864174879
Flt1,1.0074461506799037,2.115161595452031
Fcer2,1.8043957107387922,1.1006130792396993
Baiap2l1,-1.5383465809673185,1.0585117165690183
Ccz1b,-1.0846818062483685,1.6049662145878238
Nufip1,-1.0359791221781007,2.323219419525129
Ankrd61,1.0040406565096058,1.5444303512492856
Rilpl2,-1.6427488796135707,1.0974653633586402
Itih2,-2.889423336509451,1.085749867766305
Denr,1.4816530878720295,1.9811833882838896
Prkab1,1.830796552027046,1.0397503931361967
Rnf10,1.5498887639587926,1.523311475696577
Sppl3,-1.2734851234209512,4.152645657504418
Pknox1,1.71842130453291,1.3671691691296348
RGD1311899,-1.3906228593228733,1.394201708014997
Trpm2,1.3247095486715041,1.1463977365683409
Cabin1,-2.2374583357333035,1.1907139211607658
Pcbp3,1.7493482198920054,1.2949140467713827
Ftcd,2.5183775011540535,1.6982753826804102
Pcnt,1.5575901564688552,1.2681765733349317
Adora2a,4.475462158095891,1.6936794865591516
Camkk2,1.51444832015469,1.5372662721089378
Zfp68,-1.353186996927179,1.212071127424015
Hectd4,-1.9319293873201948,1.0650650718161532
Gpc2,-1.2853387609910225,1.1205262740526443
Cux1,1.2356354882753982,1.3558244394104209
Dlx2,1.661438248109022,3.0360372047214708
Brwd1,1.187092832088915,2.001681216369516
St3gal6,1.960710896275206,1.0028675096725301
Whrn,-1.6490602484553316,1.316375707416794
Ppp1r2,-1.7850139611874685,1.3272231448221186
Eif4g1,-1.7219279432115568,1.116027470324536
Wdr53,2.5255303185671463,1.5310869060689545
Lrch3,1.409142164561917,2.210447512406205
Osbpl11,-2.136339825501502,1.2142049222264806
Heg1,-1.4392170444458117,2.1420517775105643
Dnm1l,-2.0645154640260994,1.0135703255274675
Tm7sf3,1.545934876430434,1.0527870702212825
St6gal1,-1.1171382832461936,1.2597413675098426
AABR07034767.1,-1.8522341045014181,1.385423284146183
Mzt2b,-1.8330077275549108,1.0456713229303356
Ergic2,-2.380906990992246,1.01638843743222
Snap29,-1.8409811162115388,1.996697418504618
Fgf12,1.4244601620006643,4.345022999220471
Vcsa2,2.2778477426166357,1.6539467645696806
Bbx,1.2241593617035633,1.308791950547858
Prdm8,-1.4050672821696848,1.1429001448813385
Bmp2k,-1.271207035297888,1.877428996084457
Noa1,-1.8793287991711767,1.0809728412396236
LOC108348180,1.640892607077303,1.384411528707444
Paics,1.9262046499029737,1.5434875346893164
Lrrc8c,1.5345279008194819,1.4807828734663542
Cd200,1.4407788977724294,1.5175749009669517
Pkd2,1.512860818289047,1.1080041825187261
Gpat3,3.0758063511092097,1.2347011814165434
Pdcl2,3.6967864252376517,1.001699404330467
Phldb2,-1.6214121865015974,1.1174299919262378
Helq,-1.6333375059968547,1.601442458966775
Coq2,2.595616075793166,1.2713488388877445
Ociad2,1.720737472827706,1.649876789329702
Mylk,1.5826085262750376,1.2814966002441284
Srd5a3,2.4734499141323876,2.5923276936711463
Kit,-1.1371049312476205,1.862249164746148
Atp10d,3.3229491341729718,1.2117100435245582
Dgke,-1.1787474123993689,2.6935610753807775
Itm2a,-1.786888751407258,1.3791161050325786
Prg4,1.217130452221966,1.0413641360309465
Morf4l2,-1.3941354718984598,1.6556231706911564
Odr4,1.9720946079131862,2.7052226500992207
Gpr137b,1.1505893826432283,1.3769246139245024
Ccdc93,-1.6310241845903064,1.103233625735826
Ptgs2,-1.2430736883005185,3.8428867463085985
Pds5a,1.3401785524705394,1.6021966088609867
RGD1309748,1.1190412675398134,1.6229172093948683
Tekt5,3.166072195090494,1.4752629564116977
Ptpn4,-1.7514719301173747,1.1220215736888792
Kctd3,1.9579356126636898,1.0084330976157685
Abat,1.403903371443925,1.3314086580612698
Ccdc43,-1.8935045400959916,1.2140344722377516
Npl,1.8952928263349957,2.4092678944303256
Aatf,2.1337597169827585,1.4297029360088
Kdsr,3.9986475345022554,1.1112091088027856
Gdpd2,2.1277690852825515,1.46003720154731
Luc7l3,1.1572102888357954,1.0682590378979493
Maoa,-1.1686518044669483,1.8144723733677182
Nacc1,-1.0000824129564194,2.322656736971136
Rassf6,1.3800949721884457,3.3681112911914663
Ren,2.544734774985347,1.5269560862911074
Ttc19,-1.4386419780101727,1.2218644695841003
Nfix,-1.717003976912934,1.0345666487550234
Timmdc1,3.3460301771244247,1.4878678299180206
Optc,2.9413837027293033,2.144202236843979
Tmem39a,1.4156842314124387,1.9103062602658256
Sqstm1,-1.672239513299967,1.5399768635178284
Anks3,-1.794871202299668,1.5934602569176133
Ldb2,1.9495026908471953,1.610784115190291
Pcp4l1,1.9194671496289621,1.739920190692571
Zfp286a,2.630311811247187,1.9219809719558523
Nudt16l1,1.3606307514583238,1.339166244089917
Cacng1,4.447517736541935,1.19096895220809
Qdpr,-2.381128103366241,1.0048320974164056
Epn3,1.474288453618036,1.709684813557323
Flcn,1.4972910639208892,1.4565441245428004
Rrn3,2.4765237366068487,1.8810928760346606
Mybph,-1.6437809540070998,1.1051329205402691
Canx,-1.3737491755007178,1.5193446546218217
Grsf1,1.2768862706450959,1.844317354492774
Slc35f5,2.4949135909732325,1.6855992246975204
Efemp1,2.440731995643667,1.4393443714965135
Ccdc112,-2.2188935617416616,1.1209175986930466
Ppox,-1.1398854486507084,1.8902744994412515
Utp3,-1.365069100732536,1.303131209845224
Med13,-1.291498152404004,1.0084790155704708
Wdr26,-2.1228553789805606,1.1435879861776999
Rps6kc1,-1.1465607369140676,2.187732414538929
Dedd,2.1792404246059065,1.1267718734819052
Slit2,1.2553732591979228,1.2318774442847054
Scoc,2.1499642256714204,1.0088981679488298
Dnaja3,-1.9019887114796254,1.0545411939358993
Lgi2,1.9612544285282951,1.8438216185236604
Rgs13,2.467688935809108,1.0345421741865024
Tbc1d15,2.2619520715610286,1.9156918332141195
Pcdh19,-1.3441830463275066,1.094955705037229
Tor1aip1,1.269222585208889,1.1947891947216722
Ntn1,1.874765464119276,1.0583880760041118
AABR07037995.1,2.4678661644431017,1.3361163527067679
Fam20a,1.404009224851111,1.0834617120350392
Zfp18,-1.5369829009734994,1.1555983751642454
Dusp10,2.1962066190579503,1.1294803495980816
Nrde2,1.0921652348990338,2.1790147822208095
Chmp6,-1.5406394695256602,1.1744764944063566
Tdrd5,3.35091210181989,1.6805343566212274
Zc3h14,1.4485831286650048,1.0165658841998164
Cwc25,1.6752887944572403,1.45496619503214
Rhot1,2.262759260981405,1.024600765251633
Zfpm2,-1.2199968144908548,1.382591737339016
AABR07001435.1,3.964212038768295,1.1289629928997877
Slc9a7,-1.4414054746917724,1.3421203702235416
Lrp12,1.5752345856066436,1.0478593040036532
LOC298795,1.2978869419268086,2.7721505643501603
Rims2,1.6700610462823073,1.4319848052218562
Eml5,1.1848596285758684,1.7637430233831404
Mgat2,-1.1553473906724363,1.0254737680569037
Adgra3,-1.7355316783839285,1.3073165663356914
Abl2,1.47151279715518,2.0708151211021013
Babam2,1.5464100346133096,1.71367646735022
Klhdc1,-2.5709693216681595,1.0404434409651542
Klhdc2,1.3259093831109776,2.0151814927227694
Ublcp1,2.024852963798567,1.2479877650179338
Adss,1.1394920481232875,3.189891603740196
Ccdc88c,1.5320359703909332,1.308538877255065
Alg12,-3.1048871987147795,1.2916784476153536
Srgap1,-1.5313766123549448,1.2426745298026685
Rbfox2,-1.9019272429262444,1.2971936242354585
Fibin,4.577397804398008,1.1025848054377794
Yaf2,-1.1504903058755271,1.395117632137157
Rtcb,1.4548707618214778,1.2429848240298917
Sar1b,1.617260529807086,1.279053444628191
Itga4,1.7745719156473694,1.0516027700768964
Crhr1,1.361740253227762,2.56688674213143
Rnf215,1.689508403359674,1.23948546153862
Jade2,1.5650086836904715,1.3410570010849143
Plekhh2,1.7520745011865795,1.0047419901185148
Hus1,2.0666453344095337,1.643435636588231
Lrrc6,2.8875696311972545,2.9494459155143655
Acp1,2.1381203908960766,1.1380192227184553
Csnk2a1,-1.58018420116659,1.1101076982034992
Maea,-1.4961637880864176,1.8917629302595955
Zhx2,1.3179325604509549,1.0387293080079207
Thg1l,-1.2734381251401508,1.6574111022753664
Itgb4,2.2249700844666225,1.5657463815967807
Ndufa8,-1.1182437709660331,1.7037917293939708
Bfsp1,2.23657513351974,2.8988595064772706
Il27ra,-1.9339323809983189,1.0724333593049853
Rab22a,1.7869163594334438,2.4634618494121003
Arhgdib,-1.077443664325765,4.562124472135703
Utp20,1.224301394897752,1.7119508659905311
Erp44,1.7133351832687913,2.3335428041750803
Ppm1a,-1.1228675818516032,2.007292654944635
Cpq,-1.941975020014454,1.2431696814169886
Naalad2,1.7502501709386682,1.158426931123254
Rab2a,-1.5071282757748259,1.0260740622891447
Irak4,1.7591346701330188,1.589064374137548
Cdk12,1.2995693922309204,1.014590916012362
Snx5,-1.6654481217884738,1.5343225455686518
Psd4,2.7705663776209692,1.9087983481664652
Calu,1.9487205770433254,1.0915129275665734
Slc30a3,-1.252174858043117,1.1614140862846358
Dsn1,3.21240546006287,1.328687406750779
Lztfl1,2.8689654770855793,1.089296428871354
Klhl9,-1.3551395706483886,1.1715486321267636
Akap8l,1.1562455188758511,1.345088378998764
Alg2,-1.754588187755448,1.1742129707273767
Vdac1,1.6146550118012875,1.1935253325085349
Fkbp4,2.146001996943247,1.1767593824614042
Atl2,1.7803916647529485,1.2229616017909961
Setd3,-2.2566651835186,1.0179426951270936
Fam163b,-1.2226017799675777,2.5365746702124907
Thy1,-1.8204242936996158,1.226324921677703
Dnajc9,-1.2784361060047906,1.1163550081903875
Dusp16,1.4629851104189877,1.189056054249079
Plrg1,3.2284963693150095,1.2040187937340223
Wdyhv1,-1.1962336000560432,2.07455418688755
Zfp212,-1.8625825744619835,1.302115634009556
Zfp618,2.02102955475388,2.1668724825657915
Itga11,2.0954150267509077,1.2532626889366636
Slc24a4,1.500832396761654,1.1397211122031667
Arl6ip5,1.0994367069640707,2.085130576268392
Pgr,-1.7547885827840957,1.32709160690224
Etv1,1.5867338503456223,1.0010878763738982
Opn1sw,1.9903794064803026,1.159420903710337
Zfp786,1.9536207394423044,2.1571907503724552
Thumpd3,1.2009121531214422,1.3889861901285991
Stk32c,1.6290479968726248,1.002591718346121
Dnaja1,1.1570909240045908,1.6609046658042736
Sorcs2,1.3030834247891208,1.9799924222712224
Bcl11a,-2.0535533496786655,2.2256468103470217
Dhx33,1.8885609183033547,1.7559436183449624
Plin2,-1.3325649086928402,1.5016167383435297
Gpn2,2.7716884302716682,1.1231360728480348
Crebl2,1.1963192301369083,1.7599183756886911
Nop56,-1.4101054711321577,2.038804853453876
Sema3d,-1.160192932184025,2.2823326896681566
Map3k9,-1.3874315739227903,1.2105380572660762
C1qtnf6,3.135018266917161,2.050598747293031
Fam3d,1.590804369016421,1.0425222578729487
Ric8b,-1.887863973857626,1.139008550207657
Plxna2,-1.5305259054981954,1.0090209798257748
Pars2,1.4103160955478609,3.0253346532409107
Mroh8,-1.2628169296860015,1.3458646283003826
Gca,1.13314037144048,1.0968863964147106
Ccdc105,2.4568109940906306,1.0976723320015003
Pla2g4b,1.1883153456103441,1.9992120965407087
Calb1,1.1070885179184065,1.7255784519358544
Zfp597,-1.3284287834353352,1.843522460319496
Dnm2,-1.5320365151007378,1.091631509549393
Cd63,2.0606841408074867,1.02036157057308
Zfp800,1.9065135637838395,1.2142975305377108
Ppig,1.197681068585165,2.810033640568675
Cyth4,1.0980584110316947,2.4010935428343125
Tmcc3,-1.1152194926286016,1.7252003001285081
Ccnc,1.9191144644071965,1.5235385424217442
Supt4h1,2.1038575522372027,1.050153501731016
Psma3l,1.118585962192341,2.1831963072784455
Mtmr14,1.0006141565298576,3.1276141423176433
Gsdma,1.008230087759876,2.949332890793802
Abra,1.6042919561670033,1.0628848604439678
Cul5,-1.0044785823898064,1.7696722864791354
Gins1,3.418293091805225,1.0116574702383716
Sync,-1.655944667385598,2.8558903032374903
Mefv,-1.5632387966775692,1.956613752515122
Traf3,-1.569559423864704,1.7968346239257265
Wnt5b,2.10772751967027,1.1812288914474611
Slc24a2,-1.8893929490541839,1.3175399165194768
St3gal1,1.477955857891478,1.1969826044706646
Thumpd2,1.464485336563814,2.658966071219191
Zbtb8a,1.395879174209647,1.9861474539403472
Lypla1,-2.2311731426394465,1.7572214003381277
Clcn6,-1.9300885997877386,1.5463174532491997
Pml,1.5125767310912146,1.2989027819383727
Cep63,-1.463835691400429,1.0665823307997322
Sec23b,-2.060259089305234,1.611275427477608
Nab2,-1.1410086885191748,2.9693464389115714
Aagab,-1.3541409715924435,2.841284310571678
Smdt1,-1.7842982576679618,1.6046539734994592
Lrrc43,2.972420968745601,1.75912432758778
Acox3,1.6959890741693953,1.07699303476867
Acrv1,3.1027809503780457,1.6772786046712642
Slc9a9,2.16594499578374,2.806031490335685
Mal2,-1.1919367734608202,1.1282898597643194
Cc2d1b,1.7568604780990866,1.126151784351442
AC127920.1,3.161457309978563,1.0217797017316241
Loxl1,-1.4879958484843192,1.1327761645853893
Alk,1.5840566125926367,1.1373072327689682
Cbx1,1.6884924779858048,1.8389399007442206
Ick,-1.1172499108761829,1.7060100807358325
Epx,1.4229507465081241,2.7236634617956756
Tp53i11,-1.228729210927419,1.5095355030967594
Ncs1,1.517528015885584,1.72536027032308
Otud5,-2.3059818628977493,1.3859457603880452
Grin2b,-1.764281499719087,1.3424818400082645
Mpp5,1.224974182410473,1.2473931784921226
Nsmf,-1.6083389184388701,1.8185333095124654
Dach1,2.7068748563335143,1.119069210675572
Pdrg1,1.3699209907041896,2.2373053539307217
Tank,2.3974229417662682,1.0734443031630887
Fggy,2.1961100733945567,1.1039932534695363
Rbm48,2.1983832873827596,1.6706751304640026
Ttpal,1.3206605951498076,2.7352476458530552
Dad1,-1.5791611983847613,1.1221393485479476
Dis3,1.503912631209048,1.7790933632108252
LOC500007,1.7172420790650254,1.145563168666693
C1qtnf4,-1.620270961559739,1.2081801087470025
E4f1,1.7438205809786957,1.5538217690013238
Fgf14,-1.2356094717637143,1.4416708093634425
Snapc1,2.76366173989937,1.0148600626040276
Bmp10,2.9839292972659446,1.7928583180015638
Ttll5,1.3603507711801177,1.1327378114256077
Slc17a5,2.115181139001605,1.3036822226650997
Osgep,-1.5082104619480086,1.42616296389787
Mapk15,2.6382014896580097,2.083548555971737
Mapk6,2.232237812859963,1.4685478160420866
Sptssb,2.4440451505837544,2.1353788969218264
Rabgap1,1.1806564359687868,1.1865793165587986
Dcaf17,2.964965426809818,1.3567435840732616
Hemgn,3.3700962834971673,1.0434054866267979
Ptcd3,1.2207259870699736,1.5076375836123295
Trmo,1.647807065737802,1.4445641808238978
Sdcbp2,1.006911715842949,1.7262380773904449
Erich3,1.6815690216360182,3.102829410994608
Pgp,1.5559418170660733,1.4906263445242782
Gpr3,2.6339339110390547,2.512140512389681
Polr1a,1.3246793330801598,2.7590331087407636
Ubiad1,1.2074716478197804,3.3081299152827457
Tfe3,2.6313435159902325,1.051514637755993
Bricd5,-1.485199264123357,1.3167375852584906
Car2,-2.046737183263949,1.4356661890584888
Mlst8,1.8277423381265803,1.078332951334909
Obi1,1.7629174588594012,1.0975003721237333
Lck,2.2673389647228213,1.7202010879007914
Tas1r1,1.2609281713806448,1.187103482656358
Rad52,1.9284317826109483,1.1027964096330531
Pacsin2,1.646804917878602,1.108583707757284
Gpr180,1.6372441147098433,1.6352051456102796
St3gal4,1.5339765858030845,1.4427147649789756
Tgfb3,1.167448473112996,2.4850587232636987
Adamts15,3.318039732655234,1.078019977908304
Skil,-1.7659693171634507,2.600210933806501
Prlhr,1.785015720988178,1.1813261313491632
Cacul1,-1.8678274177666767,1.4094798320310533
Plekha8,-2.161676265359847,1.7211409567873666
Thrap3,-1.6844357664958352,1.0038411594007364
Zranb2,1.1953567434376133,1.025023966236508
Rabggtb,1.5048284995374175,1.7698761055485737
Adck2,1.110412509223164,1.7744046305951637
Polr3d,-1.7726569175370848,1.3332838884813105
Ube2g1,1.2123335044132084,1.5246702105114933
Dctn1,-2.269322484417837,1.109645327010415
Lypla2,1.1325972482400382,1.7978084650792079
Spag1,1.4459890158582955,1.5704165124234726
Ythdf3,-1.1984664784763668,1.0662842235266197
Rin2,-1.3628275234093172,1.7934775477152267
Cmc1,2.614278556878492,1.1646122167418242
Magel2,-1.5549888618442427,1.8547509651601246
Mkrn3,-2.335899721489449,1.141502873876873
Brk1,1.7099450886169076,1.1590603253690266
Glb1,-1.671001779171827,1.7860692835722412
Scrn2,3.0088798885119186,1.52059190633772
Rab30,1.846936543016727,2.0470902073540165
Map7d1,-1.2551346095592375,2.637147386426696
Cldn11,1.501030159373246,1.8978570850945542
Cd180,-2.876692438215012,1.8438781303070135
Dzip1,1.9685795639656283,1.3127639712694694
Ctsb,-1.1855063933150156,2.762779803905364
Cpt1b,2.848746211093228,1.2289496144958405
Elovl7,4.556732645701106,1.3072593826667782
Impa1,-1.2572698196953218,3.4567531992804392
Samd4a,-1.0981551551615574,3.0429648628692285
Fbxo8,1.0569313556348636,1.5625052055443498
Cyp39a1,2.4507362944596767,1.0009393990980655
Nr2c2,1.4795320911950145,1.5509060767593106
Tspo,3.579212043082623,1.2237062048230627
Cep44,3.7451486818134696,1.3639675623686816
Stra8,2.7572902771689374,1.1559716772414186
Abcf2,-1.3579032252339316,1.5295182407951184
Lgals3,4.166922777036768,1.0797563022228134
LOC103691744,-3.4481535594371,1.1202740583792157
Dicer1,1.312067928015516,1.3266307244686355
Nfyc,1.6145879585330856,1.014464797323142
Mbnl2,1.5829892563132848,1.6488933829657615
Tmem41b,2.1064528695075686,1.1628206304225932
Dlc1,1.2092907209451413,2.505735245229601
Adamtsl3,2.9757407521272077,1.0943798556007216
Col8a2,2.18415934634342,1.3198362728213282
Nup205,-1.7712210662668046,1.607034087068465
Mrpl57,-1.1917358341548443,1.3836425198768179
Nfe2l3,1.463567914477629,1.1631562718242723
Nek6,1.1623825199169053,1.5963929624450883
Ermp1,1.341377675371212,1.533031161046293
Ywhab,-1.9114699439835097,1.1106436298039912
Cmtm6,2.4437973044272736,2.2530413218854592
Icmt,-1.6347971772216217,1.4835898440065174
Igfbp6,3.5555536866791226,1.5737416106106055
Uba5,2.0478243479849563,1.4234035401326877
AABR07054096.1,1.9396707751981639,1.04701238869688
AABR07063855.1,-1.9803845221476841,1.5112977612493343
Dennd1b,-2.3562861790894973,1.081843289452501
Tjp1,-1.4000512714819466,1.5003045485558895
Arl15,-2.1763448710058864,3.4024053958654594
Adgrf5,1.6763319294155543,1.8489171451034503
AC126641.1,-1.4796251668301832,2.023038906586193
Coq6,1.2166829046774499,1.625903061831664
Wdhd1,3.512540109762683,1.9570885864562195
Fpr1,1.1146589335321329,1.3436225652105405
Sftpc,1.4165582297457613,1.6431079556408457
Farp1,1.6635685426855238,1.1782601836917566
Fam76a,-1.6737979088907837,1.1022537619777382
Sorcs1,1.8971045707948695,1.3055413846275712
Pkn2,-1.3063386759063642,1.1616013773468252
Slc37a4,-1.3751950882855262,1.4692877563809066
Scp2,2.0319976325869473,1.1748990122036174
Osbpl10,1.3931622225121791,1.7062234732319705
Arfgef3,1.5544643169517365,1.0173455704473573
Psmb2,3.4897892118885796,1.0457175072883762
Zc3h12b,1.672571662157677,1.067074856231115
Nln,-1.051734110075072,1.7781643590746734
Mapk1ip1l,1.9118299198132607,1.041367700764818
Dguok,-2.2392895073856676,1.043904045610515
Kcnq2,-1.618969121345036,1.7077363887400137
Xkr6,1.241622186841495,1.1182736758924885
Washc2c,-1.9348886506911838,1.1423076262224374
Rmdn3,-1.6994662867082722,1.8006461919511103
Pum1,1.4240325926754938,2.309216331760053
L3mbtl3,-1.9089910013669897,1.0990785836350794
Dennd4a,1.8877353308909033,1.1623058253652312
Fblim1,1.0907815186582568,1.6477276655761441
Tcea3,2.0510644441386594,1.845883690360806
Krt28,1.3272675566613854,1.2431764745157003
Golga2,1.4747291651683447,1.6121824382266534
RGD1307929,-1.7274354653120587,1.1529225119872213
Plk2,1.55167893864956,1.2027568153970423
Psmc2,-1.4015640885844263,1.0022680330819143
Gucy1b1,1.807818254751945,1.2217928009402925
Abhd14b,1.6109178135836053,1.5598796693005692
Scn4a,1.8199343890549737,1.57027233501555
Ccdc84,1.2741072452816393,2.0383204275575117
Nfatc2,-1.0325504189490824,2.8991522147399342
LOC100294508,1.871121447242037,3.5292601394207788
Tgfbi,2.6303797306116494,2.2959667014698715
Ddx25,-1.3204868461133283,1.1333898296434106
Cnot7,1.9345432175320887,1.1382229356842077
Gucy1a1,-1.4416725095723637,1.1434494076918351
Mybpc3,1.3645638753208214,1.1808736819671843
Slc7a9,3.262518461288623,1.59581101880229
Slc36a1,-2.0121366736985116,1.4124831336890948
Adh6,1.2181212590526094,1.48742029821555
Pxylp1,1.5483163010849372,2.3706984784547886
Shisa2,1.1370625888372463,1.5678144030842465
Ephb2,-1.292012131189787,1.036699324785686
Leprotl1,-1.7471549530856902,1.3605541683638438
Ppt1,1.822739899051203,1.222975383929038
Epor,2.492713661941408,1.68249254380207
Arf4,2.0132060310301627,1.1546120424334374
Ciao1,1.1994807709605955,1.939576590313713
Pomc,2.9103745839261106,1.646780944082296
Chsy1,-1.3827515698466242,1.3342763472507275
Ednra,1.9503042934637473,1.479333705004865
Lrrk1,1.8180883283419116,1.09522904816901
Ankrd12,-1.4502391534107957,1.4483122106462496
Cklf,2.725510893909617,1.106748174674159
Nqo1,2.845975939463008,1.6762156474905507
Ajuba,2.3631176388502064,1.3271722673865087
Wdr61,2.225547681595394,1.1500174742878475
Cnmd,1.7302401713923286,1.9979346974218988
Creb3l2,1.183111290727865,2.430814824911888
Emg1,2.1130763370203343,1.1109826761328692
Slc25a26,1.6086593136159746,3.430618181946852
Tk2,2.5340201001579317,1.0621325578119678
Tti1,2.2480353150890013,1.6881851852494152
Fgl2,1.5162705035442687,1.4142935205760145
Ccdc146,3.137339685252986,1.0001500453826353
Satb1,1.2095787637548645,1.1615723636564397
Tgm2,-1.2108260581100707,1.6186111608182259
Lix1,-1.970138342806779,1.2654005470880705
Nkain3,-1.6346815777452903,2.729925237001268
Pcdh8,-1.469780302852637,1.0900952053472663
Nudt2,-1.713590692382732,1.0922569515457472
Atox1,1.570806898556927,1.546633288770873
Arhgap10,1.0159626141682188,3.9178471411867193
Hmgb2,2.0727125658987102,1.2724556394654414
Ercc3,-1.3128529011906327,1.8670426275715808
Scrg1,1.7859204903116224,1.2961997907475287
Trim24,1.50533651779419,1.2941818966842291
Kcnt2,1.817472513775411,2.095673237841043
Cdh5,-1.731745185930782,1.2485553486491063
Mvd,-2.069202324287554,1.2424142412771917
Tpcn2,1.8044065203719615,1.685789751500236
Sorbs2,1.1064278523167956,2.915419672963906
Pglyrp1,2.1013410265497168,1.1923165685877066
Minar1,2.3580154705153475,1.798187420554697
Atp6v0a4,3.2267924174106897,1.43809060601386
Rsbn1l,1.361672184928247,1.725443666931276
Phtf2,-1.2181427757051875,1.3400282868377922
Stk4,2.588026442638013,1.4787063311978765
Cdh6,-1.823312250676065,1.5864976807294835
Slc6a12,1.0085796895646153,2.030763364487316
Extl3,1.2669390894718906,2.1077261930802855
Tbc1d8,-1.919999776147428,11.846405864654132
Tmem86a,-3.396848903820025,1.1775014411136095
Abhd18,2.1607230202573953,5.504201271750945
Nepro,1.8238237216030095,1.4386334162391858
Exoc5,2.629203365893496,1.1297161884084053
Tp53bp1,-1.6883448171473137,1.5779951526600207
Fam172a,-1.1127100335825035,2.395846915338664
Zmym6,1.736295408261849,1.0151580377233054
Cdca4,2.7850283482260596,1.2853852389077387
Gpat2,1.1093778796192095,1.745727873873465
Dsp,4.020767953122163,1.1460161859511393
Med27,-1.745057216176597,2.1973749133994582
Ankrd34c,1.4142795862232018,2.0969839403195096
Alpl,2.2625459291764933,1.2076187467707238
Il6st,-1.4296887810578212,1.2786898958822066
Ahi1,1.013569617950227,1.5773233640442175
Neto1,-1.7004227791711408,1.1306320111775252
Tbc1d7,2.175400658414848,2.6069201724613693
Matn4,-1.7756892298749754,1.0323956328388504
Rasgrf1,-1.7297103231571216,1.0583354799752238
Esco1,1.8913712971173813,1.2801231813101634
Ptges2,1.473488708154736,3.2732299384891372
Jade1,1.1512740133958397,1.570017073503444
Ecsit,1.6877779688320869,1.034584648198771
Utp6,-1.1040593462098862,3.3237140314763187
Pnoc,1.7004012123657253,3.455976930527362
Zgpat,1.663428370998405,1.023871649558374
AABR07027306.1,1.503727341281382,1.102704023919409
AABR07026291.1,1.0496083370423681,3.4640292341805545
Zfp710,1.9279385027482827,2.0651949862764303
Syt10,2.975446889331288,3.5442796157105003
Extl2,1.3575632434990585,1.5416401153381967
Aamp,-1.905199009729178,1.709206633605215
Lox,-1.3391320128679212,1.6403801053015123
Arntl,1.4872587956063252,1.2891847368916352
Sys1,-1.1562780062962805,1.3651684327782803
Armc8,-1.5017849423287946,1.3913355171859079
AC128859.1,3.0898452084962957,1.2198945587174703
Nedd9,1.414415397299782,1.4347910394014423
Zic1,-1.7392078378844382,1.0574179654407032
Aqp8,1.9094343098870243,2.756122727244045
Kcnd3,-1.2916126663027545,1.0803326012132597
Ric3,1.3339599276411065,1.5528787062272738
Hagh,1.9196179367293296,1.042606362839668
Ppie,2.168826381961766,1.9474326335381869
Wfdc8,2.109870579230791,2.2007844574751503
Pdcd4,-1.765835560707752,1.9801652738114435
Hap1,1.0687399011154388,1.084125647966805
Epc1,-1.5705052220698221,2.633545525738282
Zic4,1.2788277762435163,1.941200487217883
Lats1,1.300415443252922,1.1760864388078296
Ifitm2,2.2108099841741615,1.8648982891892154
Slc11a1,2.306489515720189,1.366164159983455
Pdia3,-1.1816721240532178,1.85487919639902
Naxd,-2.1781873427535428,1.178386508194966
Tjp2,1.480934640448067,2.1487992731558387
Abhd16b,1.7441819999211838,2.626922899356064
Plin1,2.8813801532790015,4.3684543274559156
Gpam,-1.0565439357249988,1.5411539533404433
Sae1,-2.1384220063113824,1.0052982750577766
Spata6l,1.637223368946577,1.1013308562334192
Spg7,1.6944405368220705,1.153298219776758
Clic3,-2.494173743355273,1.484436191845439
Bbs9,-1.9736310061125653,2.285666774123436
Fxn,2.3846522639519137,1.7836609424479015
Nt5c1a,-1.9246377602863238,1.5351700434840445
Obsl1,1.2607141849379695,1.5181394444068383
Jup,-1.8053074867701073,1.3300184962288255
Usp5,-1.6155142085151426,1.1920482280561917
Midn,1.3847179320493843,1.3241920378353822
Tmem14c,1.1616248683687769,1.415304817699728
Dipk1c,-1.8982382228400092,1.506364959784605
Nelfa,2.015412917424706,1.1028549992091705
Tead1,2.0565495206572346,1.1247399867770065
Atic,-1.3978712197296923,1.6623097333287291
Rbp4,2.2897151399313844,1.115332055115054
Ctbs,-1.9602853969937408,1.0765947696226164
Cul3,1.488909702829708,2.049587072272707
Abcc12,1.7851765209237425,1.1172714584843049
Taok1,-1.3221924560165896,2.2082025863353034
Hypk,-1.4539735607663216,1.4081343747635424
Parva,-1.668580404806493,1.0325272559675174
Loxl4,1.339065401623021,2.970491717615843
Zswim1,1.2332902233183898,2.0884643193026955
Slc2a13,-1.405556393967402,1.2367236213659722
Wnt7b,-1.7861752986252284,1.2463055029606795
Klf13,-2.6724005127248827,1.025175090545328
Gipr,1.4242244565741669,1.050184275228144
Fer,1.440334831557932,1.454236004618969
Rpf1,2.0647298487594155,1.101620999994295
Ccdc106,-1.4329690228379384,2.1040216429717566
Lims2,-1.2323402357099644,1.3202284943273745
Snta1,-1.5439141183662182,1.2665139552919669
Tkt,1.0667379497454998,1.5277909368889693
Cdk10,1.277652521682237,1.4467870190066807
Fars2,2.269132697655462,1.1382924574500264
Nptxr,-1.1973983275549989,2.1355638352550157
Acoxl,2.5211839520531947,2.3972327952586254
Tmem67,1.5115457852334553,1.875064322752341
Coq9,-1.375450285602274,1.0339818200560975
Ppp1r3g,1.0541526330998776,4.35037549734954
Myo9b,1.20078996495022,1.602885565683306
Rpl7l1,1.3356932271563438,2.352747077626532
Fam136a,3.6119334342000267,1.2801285745794424
Pcsk4,1.249397527148344,1.2284785135395475
Cetn1,1.2923313497720117,1.2772523984680715
Letm1,-1.7937105927798427,1.0427910575626045
Il33,-1.1956597471744361,2.62407546984402
Tmem204,1.2460712763304762,1.307381661453112
Usp10,-1.7685517855420152,1.1719429857991173
Kdm1b,1.212313445226664,1.5066905861214663
Dsg2,2.5083702623761925,1.5351704442154503
Mxd3,-2.3652311327436997,1.2404039946939576
Zfp524,2.190248117873964,3.922351546603363
RGD1561517,1.3180346822792477,1.973600498711166
Mamdc4,1.529135513147603,1.4141525496763403
Utp15,-1.6455447880631753,1.2062561237989997
Pde6c,2.2795601018161045,1.188301025620338
Sfmbt1,1.1823303532408427,1.7817476498072267
AABR07028769.1,1.8814401887006948,2.3983174308907738
Prpf4b,1.7845480505803284,1.2083096633696357
Emilin3,2.4131148053348523,1.5368440498600615
Slc14a1,-1.256175190999184,1.4449338169292296
Bcs1l,-1.7163593443766512,1.00598788924877
Kctd19,1.7934494634013392,1.051845880935611
Sap130,-1.7135351034520208,1.5774641739854278
Il25,-2.636356085836797,1.3122502129678928
Pla2g2d,3.240792043348905,1.128323310584787
Pifo,2.779804986292407,1.4406057678051947
Pnma8b,-1.5307338480935675,2.0101918589257335
Pcif1,1.551927126249407,1.163677785037711
Plppr5,1.309575098696938,1.3149169803496985
Ldlrad4,-1.8436752486373622,1.018937821903257
Rnf25,1.167425829448187,1.3841704244623558
Fancc,1.0135093957671015,1.2265658006965507
Lipt2,1.6021930604356138,1.5219084321925533
Stk36,-1.6031224634672314,1.7411685055035402
Mapk1ip1,-2.0570161399746625,1.3114572582814867
Slc25a33,1.6447129282197968,1.5872914574891415
Pxmp4,1.355623573660389,2.258724546960507
Atg13,1.3012690081503706,1.061761209772722
Plxna1,-1.1856622370730163,2.0365215609402534
Cerk,1.4470306166221623,1.5046907375539778
Otud3,-1.7030616540129022,1.2497636061452881
Tmem110,1.0070046318363055,8.930103901349385
Rab28,-1.2974739437381104,1.3939547980365086
Pxdc1,2.2424686595214034,2.458245431453271
Lhpp,1.131270008330626,2.0468256064561317
Dpyd,3.093721541067187,1.0615130035194122
Med10,2.9754164401365184,1.1531940555520737
Akr1e2,2.5600164561892447,1.3959873466195745
Mvb12b,-1.9040554339423255,1.749908380914228
RGD1308601,1.776675077565287,2.5423332603309508
Ica1l,1.2351583057702296,1.1696175622462612
Tacc3,2.8129777648047267,1.0162438082362277
Tmem50a,-1.464604348700558,1.1832284248835627
Phrf1,1.1563066074212096,1.5597880636626107
Rsrp1,1.4050273773041582,1.1118061857787744
Mertk,-1.6480120095996353,1.4118205399088144
AC103221.1,-1.9365156987886718,1.532624916136535
Zyx,-1.2838774171663236,1.3237094425752403
Rps3,1.618312851217605,1.0205523921565713
Rab4a,1.192181286090154,1.154637252131308
Trappc6a,2.1565483713761098,4.069574669631216
Ppargc1b,1.1542512647239898,2.274127609598534
H6pd,1.2640205610420998,1.4803048553383065
Gpr157,4.114782285779536,1.495664470993414
Fbln7,2.5979461320243837,1.2183246243956019
Mrpl34,-3.0857727615722434,1.0287287765588788
Gins2,-2.2104614555844706,1.1115124621101358
Gnat1,4.056269773358328,1.2605053902634524
Cnga4,1.6845048464733776,1.322396339909551
Vps35,-1.310835036504751,1.5743130629126494
Cyp20a1,1.9117154953679152,1.384998916027121
Acbd5,-1.9250956684698783,1.6716063209405674
Itih3,1.4657822077186207,1.6162751738117256
Ppp1r37,-1.3484112829847525,1.1410751167033035
Usp3,1.2766083186751025,1.2913299381180465
Arl6ip1,-1.2943836698163265,1.8414290574045864
Mccc2,1.4152301851661448,1.268654401583397
Ca12,-1.6593163574288072,1.084097610265295
Lrif1,2.403909762004438,1.0511383184929566
Atf4,1.2122027557037336,1.1997703074140729
Actn2,-1.6299477854571436,1.493419511092931
Dnajc21,3.0858947219859965,1.184895177459047
Tcaf1,-1.600685398038274,1.6394675599615947
Dvl2,1.4111878021457056,1.5887626178662777
Tbx10,-1.51467842368145,2.8940003942556913
Septin2,2.3858632908129387,1.1230286648563284
Cfap100,1.4650148561070908,1.35379273492484
Afg3l2,1.9822066700193313,1.049117176301706
Cnksr3,2.242480012721177,1.3992721176637801
Bccip,-1.2433511407535425,2.0111369779017356
Ppp6r1,-1.13094166451973,2.0108490092094975
Sv2c,1.6339380796285587,1.7834565170594423
Nkiras2,3.656907611466296,1.2071425275084504
Tspan17,-1.9435947497962307,1.0006004355295186
Tubgcp2,-1.2488012644133277,2.3283631935949245
Ipcef1,2.2666824531681553,1.0691380623298787
Prkab2,-1.0074797958827202,1.218305238875046
Slc27a1,-1.3275744634145663,1.691153163075425
Syt5,-1.5588621120588702,1.1882549713765422
Clptm1,-1.398509850926166,1.3332003860442505
Park7,-1.922796726637254,2.5793733376745007
Chrm1,-1.0917525748884267,2.2721883632914723
Dnph1,2.421060418224827,1.2996068569455055
Csf1r,1.206769440469209,1.8507226666396126
Mitd1,2.167577335605555,3.545256429232021
Gfpt1,-1.3198963310133445,2.8393872753902736
Pprc1,-1.9078182133145474,1.5391344805669256
Slc20a1,1.5332067033929575,1.4942824251735758
Qsox2,-2.2168628308938114,1.0300675506621504
Rabepk,-1.837931917536217,1.122525890932245
Pde6d,1.50289710346087,2.2719728036317113
Rev1,1.1665642831853975,3.197368134705311
Leng8,1.4181694225517485,1.4051111928162618
Ap3m2,-1.695058795590712,1.0017092352494072
Csf1,1.138840786887139,1.88902270321992
Jak3,1.9730051109830926,1.0623541223699622
Abcb6,1.9823864488152017,1.2890310535312066
Phkg2,1.0704581071347725,1.0508971319365399
Jph3,-1.6929873422667172,1.5689738050157351
Rpl18a,-1.4147834107982775,1.2197097501431473
Rpp25,-1.5656677576829403,1.2918191712432296
Stx5,1.2282033816559856,2.2170685924940448
Abcc10,1.6175228175558123,1.0802966353566525
Zfp629,-1.1936670896889308,1.3624311154767192
Hcrt,2.3416518818882563,1.831312057319776
Mchr1,2.761170089202224,3.6371460011431136
C5,2.188956142965895,1.6476278261860084
Armc4,3.0423886766880077,1.0122808000761652
Mkx,-1.9659450650980241,1.6189447519220455
Pank1,3.1261299207648796,1.2005537303314822
Tsnaxip1,2.4214560577432986,1.1565361552768638
AABR07001382.1,1.5337506914127559,1.9152644392911884
Tjap1,1.8425836314224981,1.0873715000294675
Grk2,-1.6901468853886188,2.3068118666696997
Ilk,1.563193225879235,4.529015776081144
Dpp8,-1.1708905004323638,1.8571966011631427
Jakmip2,-1.2851569502363787,1.417288301171158
Il27,1.6213569639403136,1.6920226146862485
Tmem53,1.9307862168883652,2.223119712791608
Dnajb7,1.5597657076097022,1.089184248675194
P2rx5,2.887708118630989,1.4805288698217243
Ampd2,-1.0303443857564403,1.6534680646936317
Fsd2,-2.2620765473926268,2.1029337278704565
Sh3bp4,-1.6690970032674302,1.2375550436930733
Fchsd2,1.3621723597544615,1.0985043816066358
Dll3,2.1923245604622625,1.0250984518059498
Ctrl,1.4606045625485127,2.5678737169272847
Ablim3,-1.3401079523536181,1.2448628341976624
Slx1b,1.019815709464637,3.2774048073419118
Eri3,1.5226866996574597,2.102035080110831
Hhatl,2.1645315272938475,2.0729596057054125
Tmem79,-1.4792734007212718,1.3872149504885403
Msln,-3.3472185334152607,1.437449531402721
Stat5a,1.9772567048819512,1.9964137296759688
Hnrnpul2,1.0824508074228976,1.480263996990226
Idnk,2.3137712036670273,2.0480171665048714
Smg5,-1.6301385415304865,1.3570084044216895
Haghl,1.7632778040526798,1.7773379795639472
Colq,-1.8559750335123528,1.6493129613654967
Ppfibp2,1.0933480571412895,1.4594385914255545
Art2b,1.8466203840419393,1.1206661512241123
Il17b,-2.058920907664138,1.2426952420737205
Jmjd8,-2.4094297971916987,1.2210467190613756
Disc1,-2.427327990775513,1.6988048643779856
Phtf1,1.3387055843717994,4.395380800942501
Des,2.2133900181229507,1.0639263655274438
LOC100362432,1.782370326021871,2.05239680629355
Ell,1.844505646276802,1.2517975599291253
Bbs1,2.1467964929904277,1.3053392170981006
Hsp90ab1,-1.9593692966422593,1.128061679899342
Psma5,-1.2985020738403086,2.0284803084066043
Lamtor2,1.7909227970419839,1.500411866988956
Ramp1,1.6542285591292465,1.6634050271451872
Slc7a6,-1.7205161341670334,1.1168058745868445
Ube2f,-1.2779019201474737,3.9960459036600136
Spata24,3.1672974881754006,2.3538751399091105
Sdf4,-1.7275258757640801,1.524531730672359
AABR07054400.1,-2.312495457898623,1.2141276361428135
Wdr90,1.3949180772946168,2.489544598332182
Npas4,1.782278897707559,1.7425132324941544
Psrc1,2.3507899964862387,1.8917374358100747
Mcrip2,-2.129271889860164,1.2897812080389865
Chpf,-1.6246514237893412,1.1025724388083114
Tut1,-1.5270512332109476,1.6543006872297819
Retreg3,1.5309604306450721,3.0892219031410106
Pcdhb5,2.2381006889200474,1.217520321600752
Arhgef1,1.0251290063573972,3.0952717888476577
Znrd1as,1.3900063330734727,2.0847355359022632
Mvp,1.0922792059760622,1.41108860473257
Homer3,-1.7214430539873051,1.6536091601932723
Pcgf6,2.0789575094442454,3.992938221749361
Gon4l,-2.03757262840945,2.1270799777468956
Asb1,-1.670001207151874,1.2387796890619898
Slc25a42,1.0094524765238375,1.8147660933972203
Vps4a,-2.092499247401136,1.3665632288704885
Fbxl12,2.181882777525144,1.6152746588709475
Tmed6,2.2380396398703906,2.1378317323898894
Borcs8,2.170265661038907,1.2299568057378705
Ascl2,4.404186009605863,1.1605085735430836
Slc26a6,1.58355779450924,1.0305619784875542
Tacc2,-1.704307126910498,1.370051324940835
Nrep,-2.2098293034837795,1.0103835832787342
Pik3c2a,1.1725897429979473,1.8862264659399721
Eif3k,1.4968672276645751,1.5925454077275913
Lipe,-1.150839301739268,1.456803331970234
Efna4,-2.1402853056051616,1.3489531700260606
RGD1305014,-1.1631720034962292,1.1469890947665387
Tssk6,1.5647725649792563,1.2259029964481005
Cfl1,-2.2739580029982025,1.3698531759263521
Ovol1,1.4865363302278025,1.0009938297850498
Vat1,1.7229017665303186,1.1817140083796922
Icam5,-1.153492995056978,1.7884601118053056
Sipa1l3,-1.2550008038526266,1.3062195073319558
Nbr1,-1.4580272796917315,1.370789722264576
Adar,1.1022227477160882,2.899732783335646
Map4,-1.1839256764526147,2.3404909870306665
Il6r,-1.371799201654292,1.41178241808633
Cspg5,-1.6011180659071655,1.2440537687870492
Lrfn3,-1.1810709670374542,1.024995558074712
Aplp1,2.127549510990979,1.1960501771036207
Keap1,-1.641131114798327,1.975711954585551
Cdc42ep2,3.9821497814234195,1.6144202011203936
Atxn7l3,-1.4915004167624184,1.3363478819349275
Ubtf,-1.7528004641715436,2.9062249505538915
Igflr1,3.5811557825849025,1.6828913846065778
Rasip1,1.2001970775447894,3.0658905214974244
Rfx5,1.511415280798083,1.0248739389372188
Osbp,-1.6254529502179644,1.0970314906102223
Fxyd7,-1.2200295745161844,2.9422907887387204
Olr336,1.3839779931489156,2.7591062041611876
Tmem143,1.1982959282825565,1.3541782737460075
Cers2,1.6928851088196772,1.0447835581459368
Plekho1,-1.188839207395694,2.7724371140257573
Vps45,1.5178561111658786,1.036566337617077
Naa40,1.9191746627339876,1.5753192378955725
Rbm8a,-2.098109024059861,1.4714902373883831
Pias3,1.488989774869408,1.0868678743328435
Pced1a,-2.0124293124371135,1.191614195108121
Rbbp5,-1.4024251241779286,2.2791353163404495
Sprtn,-1.6839783217688384,1.7802723521190722
Mthfd2l,-2.3789522461025214,1.2342291801822038
LOC100363452,-2.9823074267120973,1.2547564582374884
Rbbp4,-1.0693126692261734,1.9682749706633287
Akt3,-1.065214522686077,1.0486229690193496
AABR07028349.1,2.273266561620544,1.4183784616427184
Mettl26,1.3207299039603668,3.2605683448340748
Frem2,-1.230243737683361,1.2460346318869637
Hsf1,-1.1102186603904862,2.687719759987719
Id1,1.8099285136736722,1.2905790829278085
Ffar4,1.5707345478424053,1.3535800826059863
Zfp541,2.488957419459627,2.7777439056584763
Cyb561d2,1.2549307763304707,2.1756259865117356
Tecpr2,1.2562079553112422,2.113697579988251
Zbtb40,2.1139170717362012,1.4176369947999699
Rint1,-1.8316627457517138,1.0170975721932587
Smc2,-1.5724715095878314,1.3703763721483617
Ccdc78,2.734495005491292,1.1280277123334546
Zc2hc1a,1.4192615904897319,3.7153393733207025
Crtc1,-1.1826788012705467,1.0861587839758104
AABR07018437.1,1.2813246649691377,1.0919329191230345
Trim50,-1.779060811050446,1.043741836637566
Sgo1,2.1449898968322114,1.7929144567574542
Ddias,1.9085944655340097,1.2858282374108914
Trex1,1.8151680313920175,1.042727159831194
Nudt12,2.0565324300672523,1.1614443227805835
Mrps10,-1.7111193347810867,1.8625062862930684
Tp53i13,1.0250672170330064,3.626093925129133
Dlg2,1.8679401147364754,1.1859937999032288
Ccdc73,1.1200469014945433,1.674494298605374
RGD1561113,1.6556218197122001,1.232109967484101
Fbxo22,-1.715256520487793,2.213899911545819
Tmem126b,2.2836626926583845,2.177899788155766
Arhgap23,-1.4291626626973517,1.0479327927863131
Emcn,2.253058080800944,2.8729959984542197
Serhl2,-2.485803465331798,1.2736609288267071
LOC100360828,2.797718427142609,2.1527184415418628
Col11a1,1.8499679797568365,1.1693043390291105
Tmem201,-1.6711946351225044,1.3122355769925427
AABR07063929.1,1.99591287420241,2.1686193998519547
Trappc10,-1.2089661066469901,1.2672312065856735
Anks6,-2.552310733865464,1.1781028653678993
Tspan1,1.2117399171930467,1.4213387174053862
Parp14,1.6449461829106777,2.559060094764236
Tbc1d2,1.5940010199234436,1.175690574539476
Proca1,-1.8321082879572204,2.278453579046329
Amer3,-1.231745714695931,1.689080095124943
Zfp791,1.6404240549583695,1.7611741194638404
Zdbf2,1.3683295749807163,1.1827606458126039
Aco2,1.7375620592945,1.1536422938449986
Zkscan2,1.9076060289769587,1.2766599156585199
Ngp,-2.0107807270659093,1.0438338369905096
Enkd1,2.919522950053296,1.4662819543984462
Nbas,1.471451437253336,1.859825587860487
Lyrm1,2.064973291500329,1.2098999127277237
Mfsd4b,2.604579971257526,1.363201424172181
Ckap2,4.049229829180439,1.702586358907781
Izumo1,1.5467075782975714,1.0941747522650442
Tp73,-2.79502664899861,1.28536598146734
Tnrc6b,-1.8443522178153822,1.0795799309700238
Cox10,1.2765310926882034,2.0570181756305006
Ppp1r1c,1.7515336449960475,2.2173442825835723
Tal1,-3.175413055132515,1.1400513277862445
Nanos1,-1.3426458202332774,2.654656071197036
Spindoc,-1.5368961101664558,1.1794920586566755
Ltk,-1.7385514334435876,1.186477785313898
Zfat,-2.1564226298241254,1.1385342014930917
Tmem130,-1.9277292380772804,1.140189863441949
Map3k13,1.4122625852447277,1.1569128727467823
Rrm2b,-1.2530962730416078,1.7640655183666136
Dctn2,-1.6048395129847346,1.579020097290729
Fbxl6,1.6662080080971888,2.169918661547567
Apbb2,2.445268604967289,1.5932807569022294
Armh3,3.930464469392162,1.3308677718642266
Vwa2,1.2412608615935383,3.3438892770226682
Sez6l,-1.799981886671298,1.8534429903386027
Abhd1,-2.4658804594506187,1.7446478261993659
Tns3,1.6607309476796275,1.362934304433143
Ptma,-1.5851912384056819,4.396358884730285
Wdr86,2.3179199336391516,1.3701049117351223
Crk,-1.6292808757091075,2.392853509283841
Ccdc102a,1.2148592724403395,1.5735030694468612
Cavin2,-1.7470626482597675,6.0105999886543735
Zfp26,1.9289239452298923,1.2058552538099447
Pex1,1.0286081644638259,1.5428663162176355
AABR07045485.1,2.2889570146435134,1.429456839486073
Slc10a4,3.0274809063454176,1.941910557020751
Prmt1,-1.8778847721006793,1.5955915842361121
Tmem202,3.7923533095644744,1.0431084987116215
Adpgk,1.4037751977440487,1.1429581335457573
AABR07049299.1,1.3075355675481404,1.0176817514367587
Hk3,1.3347979140435122,2.134120200452572
Ppp6r2,1.0467211524493372,1.0290253743527058
Ndufs5,2.522405396437152,1.4396257197041713
Dennd2a,1.5058740760159903,2.5153217508538748
Mpzl3,1.6278712179081276,1.3736838820781323
Usp47,1.4472095273786538,1.6251387127298762
Arsk,1.2882418642308018,1.3743290504197303
Tril,-1.473864770063578,1.2063251313158643
Cyren,1.1330537718567901,4.4630470936730084
Dbndd1,1.2243068709103266,1.1696154323008057
AABR07069466.1,1.4352537062042312,1.589426412009582
LOC691921,-2.7146058713530605,1.4762031116221193
Usp54,1.0930136421026082,1.4118431293946574
Ggact,1.1297588316913794,1.0837005594753328
Atp5mf,1.2086606960215653,2.518261165601592
Zc2hc1c,1.9451985811600507,1.1996127558328609
Birc6,1.8109015218516382,1.530122500553357
Rbm27,1.4438419943626695,1.3868275310908555
Pcdhga7,-1.5630475578866858,1.7956745635117632
Pcdhga5,-2.883350105140102,1.0161387600555558
Ttc39d,2.9180625148532173,1.0550296387167892
Cd27,1.4933158535897553,1.2950893186338956
Rps25,2.004007999034614,2.181244877837946
Rtel1,1.4500585726929913,1.446032204281193
Ndufv3,1.1439294110434401,1.1836203483956667
Elp5,-1.4957410325873401,1.2886700279089802
Usp32,-1.3801302327143063,2.223768403676242
Cndp1,3.321338304694794,1.1661492753450438
Trpm3,1.0475197602286248,1.175734122740069
Nit2,1.1313350075954798,1.38649819104286
Map7d3,2.624097463755,2.709598843119547
Ptk2b,-1.991103145689722,1.2119243936707234
Cfap44,-2.511723406465847,1.0325408532153126
Apobec4,1.319250258430295,1.125990736897258
Psmd3,-1.1250595208271046,1.1511673922448298
Asmtl,-1.7620608043636192,1.07445558979174
Sh3bgr,4.217242330541461,1.2547272196630412
Tppp,-1.5719002879335897,1.1983793981320277
AABR07032255.1,-1.5164950488951026,1.0067625292499438
Npepl1,2.004707540386147,1.1951056199915835
Wdr1,-1.3186844212741402,2.361460962463083
Msgn1,1.7951531185701406,2.2490490627832056
AABR07052523.1,-2.066227389895594,1.5143887743827549
Usp30,-1.5427408066466468,3.171872946706117
Edar,1.6637138607188104,3.5923185447556727
Kif26b,-1.4344173047958906,1.2635898038215745
Brpf3,-1.9064296936231444,1.1075151941841384
Map10,-1.5446018553461194,2.2867298718714166
Ctcfl,3.0651743824371662,1.1966798364034916
Fbxw5,1.018753534324367,1.3529676665553123
Gsto1,1.9967029944162848,1.3956464345809438
Vom1r45,1.4860796471467372,1.9139783969442714
Zbed3,2.1217070862170617,1.1857596827576518
Shisa6,-1.2020706618208998,1.054821066115385
Hirip3,1.9460408783015246,1.3326292582526797
Unc5c,1.684931035075764,1.1062457277787268
Cyp2d5,-1.8342514612793497,1.069308444041705
Pitpnm2,1.414080248066211,1.7987003142632114
E2f3,1.2097056705765767,2.6337275987387296
RGD1565784,-1.806776026784398,1.4211880879025438
Rp9,-2.3153908312260856,1.4697869711185922
Letmd1,-1.5672731050426276,1.4425333850208581
Hba-a1,2.114331871009913,2.0713899473160873
Tpk1,1.9214423458221566,2.384300579209546
Ccl6,1.1449000026797211,2.7003363301316594
Eml2,-1.3583644009465103,1.2524156960576196
AABR07031494.1,1.312384737669785,1.5964855306591768
Lrrc10b,-1.2083667723059888,1.8392483817983578
Morn2,2.034029989598021,2.2476400459595385
AABR07040095.1,1.7302924870656082,1.6499297044263574
Pcdhga9,1.6010253264759622,3.8050084333825662
Lmf2,2.0822417413320924,1.051798063564685
LOC100362040,-1.4631226354648121,1.6538416364626478
Nhs,-1.7645944573871,1.842904305139676
Dgkb,-1.052526822566875,2.5418111033767175
Adarb2,1.3279954423658298,1.4363421682662625
Igdcc3,-1.7838553229704868,2.036391380763429
AABR07006688.1,2.432773099689464,1.0555251609168967
Fat1,-1.1263858832730267,3.2214717174341545
AC136588.2,1.9937578630514137,1.4851028066050418
AABR07037412.1,-3.6230620563368077,1.2036243089263212
Rps4y2,1.302403264494431,1.3570024899062936
Wdr46,-1.276239178229101,1.3201950220917673
Nrp2,-1.0237231159717224,1.203609484583482
Ankrd37,1.9209524677091312,1.918554287555551
Olr1111,2.9190234473736267,2.3179498357672013
AC112531.1,1.3395549191929188,3.0695637241961107
Dchs1,1.0676107825928172,1.8435384102872612
Andpro,1.2847417525947777,1.400809725410274
Enah,-1.5744012586293368,1.088923150081078
Impdh2,1.1683225929096266,2.2910783203732232
Tmem200b,1.7878570475877937,1.7825197651642268
Adcy2,-1.2759267878798248,1.7082279592308993
Creb3l3,-1.9889169817903307,1.039582157316063
Cdyl,-2.5273131732382104,1.0455214488458138
Cyp2d4,1.5559845189517902,1.1229693784588362
Polg,-1.0455063839396874,2.811136694551811
Capn13,-2.698826815075643,1.6945597916422404
Gabrp,1.1290151837594369,1.57806087794385
Tssc4,2.564695309551453,1.9065381307019416
Zbtb34,1.742930867908591,2.0484064534628423
Rasgrp3,1.075993821784949,1.777184330551766
Rpl10l,-1.9885767852774154,1.8733664229936835
Srek1,1.5397456431408043,1.08180249044769
Srp54a,2.9173848050359252,1.4745661855608387
LOC100362027,-2.225999898438381,1.3085573637718488
Ybx1-ps3,-1.2586150175468496,2.5087686034319208
LOC690483,-2.7858227905460042,1.0616805472300948
LOC499584,2.9877383327819285,1.2402859541167903
Slc22a15,1.9184664644401932,1.1311170419298255
Edil3,-1.7230549920258844,1.8888089478687293
Osmr,2.0153755746827606,2.3214728313600905
Rnf123,-1.5470091367567333,1.542013260515996
Csrnp1,1.8674688758907338,1.1925123906427468
LOC100366054,-1.3529920612978377,1.3268670176382662
Tll1,2.287766627517605,1.4625244244990054
Spen,1.117985363210203,4.453498604490284
Osbpl9,-1.3463775467090349,2.529404681074
Cd276,1.2880788143657484,1.5268917123971084
Bud23,-1.428958979310685,1.5894522295970388
Hnrnpu,-1.7281433089122396,1.237146741145029
AC128967.2,1.0601333760078508,2.1009732271614916
LOC498705,3.0656139616516267,1.496765826199072
Nr3c2,-1.5717149472896796,1.1924211074433415
Plk5,-1.6421328218583777,1.2126440864598582
Lyc2,3.409195580907138,1.446451252228833
Zfp583,1.3981930499744295,2.0922419565340675
Ago3,1.1814306014402225,1.2377803433146484
Pias1,1.4805369558802386,1.7746901718898362
5S_rRNA,1.4597395674225555,2.1402248258174996
Mir3556a,1.046306313730738,1.9073192455765682
Mir3570,-1.2453599421017814,1.81731841674749
Mir3578,1.3663018481661797,1.0385569575175282
Mir324,2.079171949184635,1.4924348374749514
Mir3597-3,-1.4269140681862869,1.526718766237249
Mir129-1,4.534436403452882,1.0067145829663608
Mir23a,4.039597845262129,1.8219989735584614
AABR07015608.1,2.1718682903710738,1.934951014249411
Zfp518a,3.140587341364409,1.2714620093670748
Tbcd,1.2028073150917964,1.2196161882486154
Fn3k,2.815486822256478,1.6876114932108721
Aspscr1,-1.892447785345714,1.046831052241836
Ppp1r27,1.8336672249064125,1.775524970168475
Dusp3,-1.2022517353598614,1.1465598961425028
Pde1b,1.4238324086216378,1.6773613911518204
Faap20,-1.3454719097468615,1.5942086216940567
Clca4l,2.409936315400843,1.1842198477021266
Ubr1,1.6365846762382974,1.0872352934010268
Kif14,-2.6568760776305758,1.217263697530136
Tyms,2.827190773641645,1.4794893858916502
Cops9,-1.906159153611096,1.2160698692860343
Chfr,-1.2384670059352314,3.5691522443633925
Cd68,-2.489741224442359,1.2397949191872584
Sertad3,2.943736929072526,1.7796888437327953
Calr4,1.3759578554435699,1.9991373315057763
AABR07065353.1,1.1526673123938171,1.1227533847038134
Mt1,2.4179899611101905,1.2805353215359943
Nsd2,1.0018657435117948,1.3015130645681694
Calml4,1.572584605004998,1.0344075331896003
Gng5,1.6953187921641664,2.2482320468117236
Slc25a31,1.4390647674353585,1.588200799480309
Tmem132b,-1.8957915648940786,1.4442587583934354
Gmnc,4.254544895248475,1.279290318405591
AC127084.3,1.6007538164548574,1.0416719411078104
Cenpl,2.759764489792513,1.9232049636423976
AABR07037410.1,-2.0102924409629472,1.348296251199819
Lypd6,1.2679639752650405,1.0652067395516316
Mrpl52,-1.4261462770069124,1.0848848815527365
Dda1,-1.3656302808604386,1.8355487547501153
Pcdhgb5,2.6089563896073242,1.2051033011331795
AC131360.2,2.584934110947709,2.066401994736317
Kcnd1,-1.679366373135936,1.214102189425421
Suv39h1l1,1.8813518891540775,2.600996482843186
AABR07034657.1,1.953635103681575,1.797996289856713
Rab7b,2.5067503236033137,1.055707148064624
AABR07035338.1,1.4108854742169556,1.2903425341636843
Slc25a5,-1.8327177452419758,1.8183918539901331
AABR07062912.1,-1.54484897733615,1.8020300067009334
AABR07028999.1,3.4966160597466183,1.41676501814245
AABR07026302.1,1.121343876008941,3.7310726880064546
AABR07071819.1,1.9301010104336087,1.1612626721757446
AC134160.1,2.130660206744286,1.0726489489851783
Erich1,-1.4730852147666824,2.1991680946071805
Sting1,3.0835751306904458,1.1698842430217242
Cyp2j10,1.7778832754933829,1.7138650392960928
Gimap1,-3.9421974668214284,1.2245156222200693
Gpr21,1.4815725405162525,1.1395178601516205
Trappc2,2.4154286297076752,1.2948105512999408
Pigk,-1.7675199504198789,1.834085679520616
Ddx59,1.6973244134191658,1.2696317533425387
LOC100364435,-1.3933750541483536,1.68231151242389
Tmem250,1.8731967053482046,1.0673793825440037
Tmem190,-1.0410034075229724,1.320956411780839
Asb5,1.858630439764644,1.1874701451235694
Ciart,-1.7242377087781613,1.326163531019719
Efhc1,2.643856433986209,1.7983829573311867
Adgb,1.8357542502206394,2.1888382189751097
Pappa2,-1.6391235835133184,1.1745860076605552
Mtx1,-2.51581518205947,1.107364613688181
Rcn3,-1.3962291031882506,2.35075029993901
Clstn2,-1.4947881772453933,1.6766580626109864
Frrs1l,1.6286680775453473,1.2066152374884753
AC096317.1,2.6846605168733717,1.9411124618193445
Harbi1,3.2050763047106994,3.123610646293304
Dip2a,1.0866322337534093,1.2756473002067192
Zfp949,2.5177790187139806,1.1629782911252744
Cyth1,1.6907749508579624,1.1693630373906585
Ehd1,-1.3984729896684938,1.292868599115667
AABR07014478.1,2.936925830271211,1.285916210571566
AABR07052525.1,2.619043059186577,1.0751037262452177
Frat2,-2.0802981804821523,1.0247799610270194
Eid2b,2.891381023118028,3.4373745686388992
AABR07072546.1,3.434688354594152,1.2022419155953714
Vom2r76,2.9230270089836066,1.2661939365608295
AC139391.1,-1.5436548581983283,4.017314297962346
LOC684762,-2.152174605017058,1.6540194700991948
Lin7c,-1.5140148999362466,1.111594113661373
Hira,1.1339871580762884,1.5848242028215538
Gria1,-1.4318241450186813,1.1191039166807253
AABR07014756.1,1.8953552145075299,3.693021607052819
Mcu,2.6257305017585373,1.1707816538476696
Lyrm7,2.3347389143556887,1.3220794920643424
Haus6,1.4652176429664978,2.4474118448320055
Ppm1l,1.503133426686445,1.034475784948107
Anks4b,2.835429587424428,1.1894691104524797
AABR07022023.1,3.153326734672341,1.4384085754366853
Ralgapa1,1.510928062482804,1.04489235338029
3110082J24Rik,-1.425518884355435,1.0252319067323903
Basp1,-2.1768235527246906,2.0078777672899673
AABR07007032.1,-1.3931499215592955,1.0915924596085176
Dmd,1.7453953015565435,1.0749320553201749
LOC291276,1.2361680328367703,2.579477330558283
Pnpo,-1.3450574799682589,1.103676176832603
Phf20l1,-1.1309992620843927,1.494769108260867
AC103335.1,3.6494958654787952,1.1050700283873374
AC109096.1,1.764482536626646,1.4476401461719548
AABR07048211.1,1.9207945901354642,4.203415891876977
Dzip1-ps1,2.511327298933165,1.3449574893518035
AABR07043748.1,-1.8365197872587191,1.067880561358235
Mms19,1.4138758727117564,1.108142826679343
Acot4,1.2540320651812433,1.3262351138602806
Snx9,-2.2673631618908523,1.1370594611266074
Mydgf,-2.0562066611995338,1.1990454497113807
Dbi,-1.2308637563257003,1.6182436080307003
AABR07061874.1,1.327573453267397,1.8680559523336189
AABR07043085.1,-1.2918866441962455,1.7234819725296895
Rab10,-1.9443761372402246,1.0191964830962028
Cox16,2.8848618304814098,1.2668229245667249
Gtf2f1,1.9799615057826332,2.0150820028105576
Rnf8,-1.9069661499371786,1.159615433106835
AABR07029217.1,1.3399359952480503,1.535478650508341
Cabyr,1.2979570233157682,1.143589996481353
AABR07009218.1,3.2909434850812986,4.113190630044438
Dcx,-1.1144063016777224,1.0747258615371644
AABR07059198.2,-1.1390137652585879,1.30534001988995
Tmsb4x,-2.075200158194366,1.1080281922915527
Ncan,-1.0356959179503034,1.8811762809270418
F2rl3,-4.075898656958361,1.2422042840975276
AABR07013019.1,1.9733321605222198,1.4717702781031028
Fam160a1,-4.259802371356199,1.1651188640476733
AABR07035787.1,1.499379288455758,1.2486839303833892
Tbca,-1.8716840897151352,1.5639943231436313
AABR07005664.1,2.1335579960796034,1.142282241851821
Uhrf1,2.606681412543932,2.077000925131511
AC103514.1,-1.2458518960202332,1.5290178683468383
AABR07007086.1,1.6263424081855884,1.2379064124528543
Tsfm,2.1611145335422437,1.078488111290693
LOC501467,1.416291438562538,2.137299639505073
D430019H16Rik,-1.8200404415263653,1.1785629406648748
AABR07045032.1,3.329099634849615,1.2498134899139175
Nktr,1.510777957150126,2.5254995751508393
AABR07054456.2,1.0289427853098783,3.643052749183724
Olr1579,5.435778458714831,1.0221937951201037
Arl16,1.8701883367746852,1.6891784418393996
Lime1,1.722195964717244,2.713700739392698
Shisa8,1.2548417985142548,2.3546497186946262
Nup43,1.3300654148082809,1.874401606355672
Septin10,3.2356308673013383,1.14277325594911
AABR07043601.3,1.0488293635405088,1.0625691527965027
Hist1h2ah,-1.8190902939577691,1.4643332296369787
AABR07054390.1,2.392275079478712,1.2383132489688873
AABR07031491.2,1.1792618073496386,1.3750239532183086
Atp5f1e,-1.329055515055559,2.373310878183468
RGD1564899,2.303684673995706,1.2095857808831743
Wdcp,3.6986844008075255,1.2043135265489422
Cdc45,-1.4000363117189338,2.355501051401793
Cenpo,1.1591564287543372,3.680354548975672
Fam228a,2.9025936089719773,1.1046869692880652
Shank2,-1.4922334189774735,1.1161883285088516
AABR07044375.1,-1.002308365312792,1.1815668351998498
Nrxn1,-1.654739582567497,1.3325512254537424
Gng12,2.247947929674398,1.9128338178725068
Uckl1,-1.8365052925983842,1.1356899671946963
Uhrf1bp1l,1.0243536719773947,1.013882197329544
Jmy,1.0292577654324697,3.236202493192431
Samd15,1.6828826253965576,2.127962603435316
AABR07035175.1,1.1513449310804784,1.3508734906017446
Fbln5,-1.616361720118183,1.019498163361706
Ttc16,2.293428951674331,2.035997312029772
Fam115c,-1.9996180081583284,2.291036269234963
AC099304.1,1.8220008683674906,1.5118201274107141
Prep,-1.5881617530669594,1.1354653492387294
AABR07038902.1,3.8518234579897777,1.531175380858248
Mphosph8,1.0227533177413815,1.2734401664321013
Ntan1,-1.3151641653812303,1.087772033709135
Srsf12,1.7306369819204805,1.2578792044410059
AC107597.1,1.0495609180468783,1.9190439438229958
Hic2,2.142184741093651,1.0414632494775156
Rfx4,2.006112883475073,1.1952512630110468
AABR07006673.1,2.464774256359272,1.9712130020443646
U6,1.8501298862024944,1.392351983994196
AABR07073453.1,1.1811895141634408,1.068677504968807
Tep1,1.8199564508440755,1.2060286220461356
AABR07065498.1,-1.421068533894738,1.6012697573783234
AABR07007592.1,1.9796131033204385,1.3286492234799199
AABR07027811.1,-1.2113435524086633,1.4452400383292772
Wnt2,-1.7746049076557078,2.342432718291929
Acnat2,1.4475699992547382,1.9006239761054238
AABR07027235.1,4.184808680102764,1.3096280973139622
AABR07016635.1,1.7902562243185818,1.0328072345792132
Txnl4a,1.8348548283194301,1.2834719833231139
AABR07069218.1,-1.318369958597813,1.6882010156835
Sugp1,-1.6033797151555955,1.0577052019300661
Ppp1r9b,-1.8851410487014961,1.8287656331814481
AABR07044366.1,4.138008379665214,1.0776811356077023
Pigy,2.873757796227994,1.3862175139831905
AABR07034098.1,3.45984726616662,1.1821561016591648
AABR07052126.1,1.2760784973896007,2.157076313753889
Cnot10,1.284518458432769,2.818991507351048
U2,1.535246266394585,1.9423490319630257
Bscl2,1.6215659848188855,1.2532174488282457
AABR07071395.1,-1.8119196440291705,1.816389714882854
AABR07004812.2,1.8439249569204903,1.2415607176125065
Chga,1.5340811515055939,1.0484806984105233
7SK,1.094426858702617,1.0271445421289032
Sox21,-1.6366892215630258,1.5338247381510703
AABR07072264.4,-1.1870617387178384,1.0633404136233862
Atp6v0a2,2.0951309356401935,1.0302955231392126
AABR07040629.1,-1.8784736360738457,1.9059843687525573
AABR07063274.1,3.167866190344507,1.281267832307113
AABR07025673.1,1.605184734182888,1.6607061312304703
AC131874.1,1.4228924959216933,1.1909152945084764
AABR07067042.3,2.5915251157716117,1.5598905025568537
AC114111.1,-1.5278803608100653,3.119876794314946
AABR07058464.1,3.0909498691207036,2.4997158308685883
AABR07068327.3,1.9126040646934293,1.4317648421674531
AC130391.3,-1.3991867867024939,1.121657013268843
Wscd2,1.0911914250376853,2.3798656204057806
Zfc3h1,1.133430925314251,1.166377140059429
B4galnt4,1.6600315072670973,1.0413723753419217
AABR07064650.1,2.9551400040172116,1.8002893520884433
AABR07036532.1,2.5428583814267642,1.0195445788545372
AC119007.3,-2.498242722034155,2.3090853113682823
Gpcpd1,1.6461841692634291,1.8460990357208993
Soga1,-1.1488578456108687,1.8726629257062641
LOC685767,4.494709558994818,1.4026269554541764
Adnp2,1.4886363057832537,1.334434322603371
Adcy10,1.9066911420214308,1.1648468920833177
Ccpg1,1.1571463383152,2.814528065759621
AC103090.1,-2.196577311807984,1.0812729064935627
Cracr2a,3.6482347052740605,1.9655098942096716
Rhou,-1.9187627456739123,3.111699402735165
Mrpl50,3.2864316578145663,1.8393173679880288
AABR07065165.1,1.4023836385207191,2.4484279939883087
AC126486.1,2.4792845736167624,1.369709814307776
AABR07006724.1,-1.8930824651686498,3.5149464967281743
AABR07070307.1,2.8519503085170914,1.200208661502388
Prmt8,1.4018132257843163,1.0880442931275045
AC123500.1,-1.6544714667861407,1.4962670726323941
Osbpl1a,1.1793444423627415,4.0492759029645615
Tpgs2,1.0131916490869588,1.4656960551998242
AABR07012583.1,-1.6302887052023938,2.193181284086279
Pus10,2.33570930181606,1.0367497033459623
AABR07018116.1,1.5280681357396146,2.108662123162433
LOC679711,1.5482296702684422,1.0024549293019192
Nfatc3,1.2987645180989646,2.2217340871501485
Majin,1.8838693217332139,1.0458072257855133
Tspan11,1.6632297369018227,1.2061143700989274
AABR07015812.2,2.433968086988254,1.1307795827157359
AABR07042821.1,3.470055932423395,1.3275780397693384
AABR07016578.2,2.486143662063906,4.265407201054589
Tmem101,2.6289774523918554,3.4390399129381515
AABR07015907.2,1.1170945597267454,1.7464347923635528
Pycr3,2.9142700570007203,1.1108811765861497
Fkbp11,-1.5639417778877815,1.004879518021018
Wdr72,1.8860222377388935,2.064463471284064
Cnot6,-1.3745736247466542,1.518648243883724
Adgra1,1.6019947268690116,3.292942975606998
Rhbdd1,-1.8706054503546792,1.3999406864067196
AC095267.2,3.059550874658089,1.279675490364122
Ndufaf2,3.8798522269473676,1.583009546366158
AABR07058403.1,1.2088507811997988,2.1677574060377256
AABR07053500.1,1.09397004485518,5.6160149352549995
AC122968.1,2.7359485043024363,1.059479096511267
AABR07065083.1,1.6055459938960484,1.6603334219284105
LOC100362333,-1.7599733356860663,2.7218079938116517
AABR07066838.1,2.762746868193243,1.6805872664241357
AABR07013304.1,3.375595871493309,2.227780534479961
Trip10,2.0953028051314004,1.9513755694311892
AABR07001519.1,2.03147079088623,1.0033428962362263
AC243566.1,3.2378442420424696,2.188663062518049
Dnase1l1,1.3184496288612608,3.793553276312097
AABR07068248.1,1.8795834395061195,2.505769345394571
Gpx2,1.6705030184195433,2.942713242717304
AABR07052611.2,4.266954877310494,1.2449598572888254
Epb41l1,-1.3627239896915608,1.5439701409442346
AABR07029863.1,-1.3214566331400266,1.163760259703981
AC105648.6,1.632279068628367,1.2384406961027445
Myb,1.3900390641888685,1.4176304212895048
AABR07062570.1,2.1016188573628227,1.8073638247622161
AABR07069473.1,2.759201848335425,1.3814020775070885
AC130741.1,2.9895924026426517,1.5583437678486622
Hist1h2ail1,3.421038305940253,1.6505508973953966
Fmnl3,1.218602235602492,1.1832176312678369
AABR07044959.1,1.5477150616213882,1.4207474862810716
AABR07039199.1,2.5170181993394958,2.0280538378450848
AABR07054262.1,1.0735609733813722,1.1513318692986407
AC096468.1,2.531406536882719,1.1975298692389533
Cdh8,1.4798921283207196,2.171646208756051
AABR07044049.1,2.140109125851459,1.6796437584438062
Nckap5l,-1.4954708595025206,1.0424178521828635
AC229945.1,2.7271549897531933,1.3021138262899363
Hectd2,-1.7891970993077195,2.590566552737712
AABR07070901.1,-1.0043050742913446,3.6529331208283002
AABR07013140.1,1.124839599950316,2.4548465317191113
Inpp5k,-1.7089702842809888,1.4356211790276008
Garnl3,1.5955395383168742,1.3356186152507983
Vom2r12,1.3886251504269365,1.359388908340352
Slc12a3,2.053078592069502,2.1524908342672338
Glud1,-1.0266378689824571,1.0638639135486812
AABR07053771.1,-2.513152367165654,1.5097782978846477
Cldn25,2.2097090177844128,1.1935382946596336
LOC102546683,-1.7859889383298828,2.0224327148890575
Fam81a,1.4809074079349338,3.3302927555757647
Cmtm1,2.79903301564387,1.0310921216250282
Cav2,-2.3676632615830697,1.0250094373534784
Lmln2,-1.1424794383347396,1.7398918943091046
AABR07056465.1,-1.8405066624733344,1.1735564111676977
Zdhhc18,1.905981711203633,1.032743599275628
AABR07071045.1,4.224310889034949,1.2351475274344408
AC130253.3,1.7712322706972046,1.179820942939588
AC094126.2,3.4067977547959623,2.111450886517602
AC126581.1,2.519860948281391,1.1320098156315763
Asic2,-1.1223040063458771,1.9674322942472329
Zfp36,1.0828412857547918,8.334618369185401
AC108588.1,1.8950697843077493,1.5104995446180087
Mapk8ip1,-2.3145862916889928,1.219140454095122
Gm45623,-1.604980561505824,1.2254357634037374
SNORD115,-1.4508387216238814,1.192888595883507
Srrm2,2.3644769493436697,1.249445242634061
Tyro3,1.324584744522279,1.1098604532770187
Palmd,-1.371929863014369,1.5612683110788494
Kcnh8,2.671295311825165,1.4536669190733478
Tmem52b,2.1664260851943444,1.3703333254323038
AC106606.1,2.4133190770837776,1.829501660781883
AC119356.2,3.290470890502554,1.993890973411602
AABR07044362.4,-1.1425026528290216,1.1581673702729203
SNORA70,1.7190366025111177,3.56965188544122
AABR07055885.1,3.9479340289914666,1.0524028440353703
AC141169.5,-2.2024574888147552,1.238203213836829
AABR07071195.2,3.4146295770884088,1.039922086938389
Hsbp1l1,2.14400023268557,2.384656603688419
Shld2,2.067013124347964,1.3798481381458128
U7,1.2254613122982743,2.9940892646835717
AC108572.5,2.2578344369641297,1.095031825843762
AABR07058985.2,2.225492562231128,2.951100828102687
Tpcn1,-1.4062295964965914,1.1777435029976449
LOC100362172,1.884289481996241,1.4368882492568806
Mob1a,-2.5079932933898506,1.7278802807156417
AABR07049503.1,-2.8502790006171477,1.0316879246673907
AABR07027870.1,1.1943891403962912,1.2885693828283826
AABR07051515.2,2.393345789746953,1.5566201683621712
Zfand3,-1.0041498393450925,2.955086918034439
AABR07041411.1,-2.7220356070827445,1.7260661683560232
Asic1,-1.6715194285685078,1.295325053697599
AABR07051485.1,2.294636518848151,1.9660063948435096
AC121663.1,-1.4798945258382723,1.0172466850325956
Dnah12,2.42870919026074,1.1155413078988687
AABR07046763.1,-1.4190519782101494,2.044852822466935
LOC103692984,1.2896822418950427,1.182439771787914
AABR07031947.2,1.8334825616137067,1.3104834601455935
Selenoo,2.012663152882294,1.3149518354390248
Six5,-1.715364761717917,2.30247323818493
5_8S_rRNA,2.0286685506038875,1.2286632795939374
Ddx23,1.9424559779654573,1.3930489791915621
AABR07053516.2,-2.231319870184457,1.0842998346885557
AC115420.4,-1.4769406121128605,1.7590872975574843
LOC100910237,-1.4717766871426723,1.2711059935638143
Rps21,2.774422725412036,1.7659616186245044
AABR07015639.1,1.9201642373840941,2.111942317265498
Cacna1g,1.3989596126360069,1.097444095971383
Kdm5b,-1.849029437169695,1.2445294261893791
U4,1.2430042763334053,1.1938188963266207
Ptpn21,1.1250114527809585,1.1817651715063675
Tmem189,-1.1588299710107082,3.3042203287018292
Polk,-1.489556282742507,2.055185800828867
AABR07067763.1,1.5827782335398426,2.3041954545793293
AABR07027309.1,1.2504055491224382,3.751150721129861
Atg2a,1.82657204170869,1.0671730836738345
Qtrt2,2.1199094944215355,1.9819280990440247
AABR07015889.2,-1.4703073248509135,3.1381058352282967
AABR07050298.1,2.272716044527203,1.058632226425397
AABR07059258.1,-1.3142263023321286,1.9155948636869575
Dnah7,1.923491930831808,1.1225048462221834
AABR07056156.1,2.9447521373862924,1.9998683514269548
Herc4,-1.0540823613153594,2.569342689113081
AABR07015838.2,1.9482702740116058,2.7077028941372028
AABR07028797.1,-3.0987033358025835,1.3244166862437226
AABR07057844.2,-3.2804460900853316,9.455211248577845
Pelo,1.2474390787652387,3.1179274862190827
LOC103694210,-1.405524470584881,2.5855573666563694
Gar1,-2.2138739649697223,1.6357893038200366
Mrps36,-1.9482757612052592,1.1093367230356062
Selenom,-2.21096445938416,1.4931386319919329
Atp2b3,-1.2824994903896225,1.674809842085136
Loxl3,1.1580046978465222,2.287651474928608
AABR07024955.1,4.129215907594642,1.5210788285818844
AC142421.2,3.4142746605469596,2.116524543820973
Asap2,1.1955189221598443,1.8014877441510926
Gck,-2.8549214718424203,2.1861601609486834
Metap1d,1.2020397735986676,1.1481410815282764
Asxl1,-1.1702199592192384,2.197207779904807
AABR07031674.7,2.3856627735240923,2.2831747808213056
AABR07007065.1,2.82323882323869,1.5818505056763257
Aqp9,4.278646692762121,1.6250152406539817
Igfbp3,1.7581368759533325,1.508201272588274
Myo1e,2.1019003383870656,1.5302157049782117
AABR07065173.1,-2.382143085993149,1.2644333278164819
Kcna3,1.2117003704587626,1.8171707534946089
AABR07044429.1,3.015831691149528,2.1910755252154335
AC116220.2,-2.480361656287295,1.4338173974430333
AC108616.1,1.0864855021778759,1.136678589026647
AABR07012058.1,2.0356118449302283,1.2031481732323988
LOC681392,2.3259309027881727,1.218919549680622
Gm9918,2.0679946707177486,1.8968153608749263
